Id,y
10000,-6.6002423490231350911e+01
10001,4.5140650440115496167e+02
10002,-4.6167641706029917259e+02
10003,4.0501208753723084044e+01
10004,-1.2674472245403694615e+02
10005,-3.4253455181925102124e+02
10006,-3.9655554211358918337e+02
10007,3.3554127907908741690e+02
10008,-9.9512420870623486735e+01
10009,3.0481253980627593592e+02
10010,6.8894530489785438476e+01
10011,4.1236919545590706093e+02
10012,5.4942371024768043242e+01
10013,-1.7005550754779779510e+01
10014,-5.9784995757226113255e+02
10015,4.4350228878641490837e+02
10016,1.4477448697804351241e+02
10017,-5.7411163672536510205e+01
10018,1.3438782757746054131e+02
10019,-1.0898377598910865061e+02
10020,1.5382482842506695420e+02
10021,6.1173598360220228187e+02
10022,5.8838965033842191588e+02
10023,-1.3101679995801981704e+02
10024,-6.1135621141229513853e+01
10025,-3.7424849531697265093e+02
10026,7.4157993079654062285e+01
10027,1.3743837873610439715e+02
10028,4.2008661179679046427e+02
10029,1.9676562571344274488e+02
10030,2.6844284980053163281e+02
10031,6.3847491025110889495e+02
10032,1.2737873138691971064e+02
10033,1.3491187583999646460e+00
10034,2.2710453177407988079e+01
10035,3.4223953452256466790e+02
10036,3.0770396697417191945e+02
10037,3.4813820870093979920e+02
10038,-1.6865286130735429992e+02
10039,-2.0221130904617226065e+01
10040,-5.5174992757311144942e+02
10041,-4.2997180406674016240e+02
10042,2.6189195870674399202e+02
10043,3.8982042612922128910e+02
10044,-9.6165622273565531941e+01
10045,-2.1071080125632414592e+02
10046,2.7888186878401120339e+02
10047,-4.2745330103104913633e+02
10048,-1.7290325291756715842e+02
10049,4.6726437835578582281e+02
10050,-6.3155873558743883223e+02
10051,-3.5553165933817854238e+02
10052,1.4317327553860383205e+02
10053,6.9199202598942093800e+01
10054,2.7558827397672541792e+02
10055,-2.6318861220410235546e+02
10056,1.6749830723241254304e+02
10057,1.0457789589014257103e+02
10058,2.3007008661007549222e+02
10059,2.0988026644576507351e+01
10060,-4.8225812625016031276e+00
10061,-2.0192294081063732847e+02
10062,5.6006392656576997524e+02
10063,5.5288476252449029857e+01
10064,6.7130157469183473040e+02
10065,-4.9374873828522851227e+02
10066,-2.7935303673259204515e+02
10067,-5.3712527613147997840e+01
10068,3.7969819550097543015e+02
10069,3.1507141085798150471e+02
10070,1.6913001732614310413e+02
10071,-2.7159930326901138642e+02
10072,7.8380222267503415878e+02
10073,4.4577311515548494469e+01
10074,5.7406780054577403405e+01
10075,-1.6107827414306797209e+02
10076,-2.2066957847885737465e+02
10077,2.2324129442929171319e+02
10078,3.5266559554375419339e+02
10079,1.3163291366265593041e+01
10080,-4.6199414698573053784e+02
10081,3.0537214669142338153e+02
10082,-2.3059656173861122852e+02
10083,3.5907444324254396406e+02
10084,-4.3026056337592143564e+02
10085,-1.1554882205546191187e+02
10086,-8.8960063878673750537e+01
10087,-4.8829018980804187322e+02
10088,-1.3935033854713526580e+02
10089,5.7338808108526812646e+01
10090,-1.9033624272166426294e+02
10091,-6.5080929148245676430e+00
10092,1.8929107774701833478e+02
10093,3.4660367818565526932e+02
10094,8.7162732064858960257e+02
10095,-1.4701353738653847358e+02
10096,4.4348993777942979477e+02
10097,-3.0498432974436951781e+01
10098,1.8546345753445936566e+02
10099,-1.1991717151732800062e+02
10100,4.3575238001807292676e+01
10101,5.8318571552244385714e+01
10102,-1.9715246829839762199e+02
10103,-7.0471606788412202604e+01
10104,-3.4284605328866769014e+02
10105,-2.9233589873717004792e+01
10106,4.9522929296103598062e+01
10107,-1.6246144137913141492e+01
10108,3.3775069261606880389e+01
10109,-6.8883077483241351047e+01
10110,2.5863399493696853426e+01
10111,-6.1731428427169544193e+02
10112,-1.8590441301194891821e+02
10113,3.2378310610938632408e+02
10114,-3.5662195722127925990e+01
10115,-7.3352977116138356450e+02
10116,-2.4073856264736105004e+02
10117,-3.8197314662424889775e+02
10118,7.5319944621695029241e+01
10119,3.6610326459117821685e+01
10120,-2.8756270225023104814e+01
10121,-4.8116062796858807360e+02
10122,4.0885023042298865903e+02
10123,-7.6502174719916342838e+02
10124,1.7807269651637039942e+02
10125,-7.6498793856732731911e+00
10126,1.3479684623375925412e+02
10127,-4.7745851421287017047e+02
10128,-2.4870625301323599388e+02
10129,-3.6188465722386371226e+02
10130,-1.8755611748554180451e+01
10131,7.7956043744346743551e+00
10132,-1.0910598972538363682e+02
10133,-6.3073745242194299010e+01
10134,5.9182318373491568764e+02
10135,2.5961263369662776768e+02
10136,-2.7986583200876754063e+02
10137,9.3225359400518399866e+01
10138,-4.2728731541913521141e+02
10139,8.4386566330898105548e+01
10140,-3.1154463064415540430e+02
10141,1.1419268612561541687e+01
10142,-2.9783146842358524964e+02
10143,-3.3192897096864322748e+02
10144,6.5601323052573047789e+02
10145,-4.7666268136505368602e+02
10146,3.6119404513377463672e+02
10147,-1.5018526861192290767e+02
10148,2.9994671902432384059e+02
10149,-1.9172143219270782311e+02
10150,1.5194999511612013521e+02
10151,-6.4672757815764228440e+01
10152,3.5124486163063346567e+02
10153,-3.7063644575627250788e+02
10154,3.4922498178611101594e+02
10155,2.7352460961680139917e+02
10156,7.8319718431968738059e+02
10157,-1.2423788973574012573e+02
10158,-1.5522004432990823375e+02
10159,-5.0695564938641018671e+02
10160,2.0169321238561536802e+02
10161,-4.1517405715963622015e+02
10162,-3.4816510516956458332e+02
10163,-2.0195224108680960740e+02
10164,-6.5895044705333691581e+02
10165,1.7934640168171523555e+02
10166,1.2406925816168723031e+02
10167,-2.0915025355201768775e+02
10168,2.1370513477400578495e+02
10169,-8.2117210238089342056e+01
10170,-9.7110269897268565842e+01
10171,1.2426800574648048325e+02
10172,5.0289915657142877592e+01
10173,5.3874395928133685629e+02
10174,6.3001753455433686213e+02
10175,2.1725927782654426323e+02
10176,-4.9173374132670767267e+02
10177,-1.3114175113883274548e+02
10178,3.6239302241729456000e+02
10179,-1.4363038055408264171e+01
10180,-3.0261757361676291822e+01
10181,-1.0732358076729917684e+02
10182,-3.3406259292967183683e+02
10183,2.9950639964643278290e+02
10184,-1.0347221484505344336e+02
10185,1.7982049946719425293e+02
10186,1.2220070887900696732e+02
10187,8.6580371616906290910e+01
10188,3.8648256056699199235e+02
10189,-6.1336117450458232270e+02
10190,-2.6981638738346271111e+02
10191,2.6073145126228581603e+02
10192,-4.4620161280427240058e+01
10193,-1.5915717576416858492e+02
10194,-1.4524559879357516934e+02
10195,4.4722821487600128876e+02
10196,4.7635698596959457518e+02
10197,1.2179421345327241966e+02
10198,-1.5356790561065054579e+00
10199,4.1074409653878120707e+02
10200,9.0828099799647446844e+01
10201,1.5007336956845117015e+02
10202,2.4033652961546863480e+01
10203,2.7388663405363047332e+02
10204,-1.5452926038025097455e+02
10205,4.2588901507065784813e+01
10206,6.1734170631685628905e+02
10207,3.8939360761429590241e+01
10208,-9.1436101194904153999e+01
10209,2.2535327477391129491e+02
10210,1.5105827577085648272e+02
10211,-8.6916647736460021179e+01
10212,-1.0171788958007300607e+02
10213,1.6193776502605510359e+02
10214,3.5787041410354549953e+02
10215,3.2145978186554273748e+01
10216,-3.7914539920029210407e+02
10217,-1.6594213222367199023e+02
10218,2.5745392169454100895e+02
10219,-1.2483850779184112412e+02
10220,4.7084514722992011571e+01
10221,-6.7050651389802013114e+01
10222,2.8717334413416381267e+02
10223,8.3626742777016238506e+02
10224,-7.8733292602056394571e+01
10225,-2.9300922915219382503e+02
10226,2.8491632646225605185e+02
10227,3.7795143200822769813e+02
10228,-4.7394261958972265347e+02
10229,-5.3880945497660422916e+02
10230,-3.7290475040318665378e+02
10231,-8.3377008899687510279e+01
10232,1.5746205951911281318e+02
10233,1.6750291456151032321e+02
10234,-1.0569040574319642189e+02
10235,5.6116168791762834189e+02
10236,-1.4935531895746811415e+02
10237,1.9696680512352227765e+02
10238,-3.3819911727579686556e+01
10239,5.1994198823374855323e+00
10240,-1.2170842296063251808e+02
10241,5.3473579817378421808e+01
10242,5.3129189384112476091e+02
10243,-1.5760262258937592605e+02
10244,-1.8377196239261229493e+02
10245,6.4383224642566233342e+02
10246,1.7780306010129457661e+01
10247,-9.2079397194602663035e+01
10248,4.8549316460507486681e+02
10249,-2.2123657860793923646e+02
10250,4.9060650504846142894e+02
10251,-4.3677159154250489337e+01
10252,1.3993322987117636558e+02
10253,2.0750447442761105776e+02
10254,1.7092647024360200447e+01
10255,-3.9647203316052912214e+02
10256,-1.6830166761529150676e+02
10257,-7.5593241001244308563e+01
10258,-2.9207350780076950514e+02
10259,-5.9373665346633131890e+01
10260,2.4736904706438434687e+02
10261,2.0683112758185643543e+02
10262,1.7462464464080152737e+01
10263,-1.8181148500656959754e+02
10264,3.0017615094548602883e+02
10265,-5.6763872479558881423e+02
10266,3.1159327285263498197e+02
10267,-9.9295118354921214632e+00
10268,1.6140782304547801118e+02
10269,2.7238559922972342520e+02
10270,5.5122457419425529679e+01
10271,-1.5278267412197672925e+01
10272,2.8640230194290279542e+02
10273,3.8788861194347452965e+02
10274,-1.4857888863638657995e+02
10275,1.7195235244839585675e+02
10276,-4.1157059222267901077e+02
10277,2.1380253827075210893e+02
10278,1.3393002437371714564e+02
10279,-9.9017177501241675941e+01
10280,-1.6241724224558234368e+02
10281,-3.9074190113478763919e+01
10282,-2.9515845218323937615e+02
10283,1.4132481354359566694e+02
10284,1.6305983005334584846e+02
10285,-5.5455401462417697189e+01
10286,-1.4574067609352161412e+02
10287,1.6350462436354472828e+01
10288,-3.6429855848282841180e+02
10289,5.5866301873767281450e+02
10290,4.0050661219007473335e+01
10291,6.7637345042970011377e+01
10292,5.5984008465546628486e+02
10293,4.6980694715741572054e+02
10294,-1.4949980105452945622e+02
10295,-3.2882278669969633711e+02
10296,4.2577131704667436907e+02
10297,8.5504662411794839727e+01
10298,-1.6691553705584948375e+02
10299,-6.6229840703934962676e+02
10300,5.0280391653003654540e+01
10301,-1.1355718332961760808e+01
10302,-4.5181126444953054033e+02
10303,7.8672833134131138877e+01
10304,-3.8681879991735667090e+02
10305,-2.7322738305237152190e+02
10306,3.5201504544002210650e+02
10307,-2.6384804091810212867e+02
10308,-2.1473022299361178966e+02
10309,-8.4881154897384334390e+01
10310,7.4588327912542251852e+02
10311,-4.1897510845227361642e+02
10312,7.3919912516619456255e+02
10313,-4.6907742635294778211e+02
10314,4.8182984486567130489e+02
10315,3.6320797478744071896e+02
10316,-2.7025304182071909054e+02
10317,-3.9959212471613193429e+02
10318,2.3445728030706428058e+02
10319,-3.8734693570326363954e+01
10320,2.3836874871850687896e+02
10321,2.8697441990182802840e+01
10322,2.3823095785965287519e+02
10323,-1.3000744030000129214e+02
10324,-6.8129456177884981116e+02
10325,6.1580652959542547364e+01
10326,-4.4492985067095906970e+02
10327,-1.4713208392840670058e+01
10328,6.8047678234285672261e+02
10329,2.8873260649376425135e+02
10330,8.3997049015567188235e+02
10331,4.1665747651917934036e+02
10332,1.6735603728915680222e+02
10333,-8.6779537867068682999e+01
10334,3.3276996760043664381e+02
10335,-2.0133443093425367465e+02
10336,-4.3625082987841302895e+01
10337,-1.0790237779609704205e+02
10338,-2.8403573802517064451e+02
10339,2.3260855717832583878e+02
10340,2.3783315171539987887e+02
10341,7.4399805677203090681e+01
10342,2.5551770406364593669e+02
10343,-1.6864961928561027094e+02
10344,6.8563346016290040552e+01
10345,-3.6544198172526063217e+02
10346,1.8970649886094605563e+02
10347,-3.6983324976670900242e+02
10348,-2.5090024390237786633e+02
10349,7.6313550196232114331e+01
10350,-3.4494550923377590834e+02
10351,-1.8742339326812560785e+02
10352,4.8216975698252178972e+02
10353,1.2575266972885988537e+02
10354,4.5069194375218540927e+02
10355,2.1617619018208205262e+02
10356,3.4341935719304814256e+01
10357,5.7511455961215233401e+01
10358,-2.1141949894712723790e+02
10359,4.9762491809493070605e+01
10360,7.6111040207584323980e+01
10361,-2.9196254490440729512e+01
10362,3.3048958528737429674e+01
10363,3.6456271216310005912e+02
10364,2.3448280987315132506e+02
10365,-2.1796554859089962264e+01
10366,-4.7693787704779987280e+02
10367,4.3567658993046897820e+01
10368,-3.1095721366516914941e+02
10369,-4.6941116226037117087e+01
10370,1.8119558107133553904e+02
10371,-2.1496242982007180444e+02
10372,-8.0227060315221322639e+01
10373,8.4120822916573638395e+02
10374,1.0235678708587006724e+02
10375,3.7297738046881690366e+01
10376,7.7398182759602107694e+01
10377,4.3579452149369205927e+02
10378,1.1139479265155708276e+02
10379,-1.2882922415387506021e+02
10380,5.7305012105839591641e+02
10381,4.8602468077911154865e+01
10382,-6.8554146592188502041e+01
10383,5.6681624505830242811e+01
10384,-3.6030993199944026628e+02
10385,1.3190192283450411992e+02
10386,-2.6452589763343058848e+02
10387,-3.7879324972499256319e+02
10388,-1.9009929259976632920e+02
10389,8.6291521304096147560e+02
10390,1.5957649666231068863e+02
10391,5.1402046358014536054e+02
10392,6.1387667803406955613e+01
10393,7.2087589583265776128e+02
10394,-4.5097673103980213227e+02
10395,1.0589444211999725098e+02
10396,-2.7532603044002861736e+01
10397,-2.3435561966770045217e+01
10398,3.3120599829494580035e+02
10399,-1.5602456394824099561e+02
10400,9.4770183856033729519e-01
10401,1.7232405165319686802e+01
10402,1.4323908417021232253e+02
10403,5.3226451390746717607e+01
10404,4.1013349269794368013e+01
10405,-1.2939255146834733523e+02
10406,4.3091652104593015338e+02
10407,-4.2790961965735704098e+02
10408,4.9114004852091696307e+01
10409,-2.2164758038918733973e+02
10410,-3.1375971218685037911e+02
10411,1.1524452244706976956e+02
10412,9.6100972044535524219e+01
10413,-3.9991598494242083461e+02
10414,-8.4114079235629262143e+00
10415,7.3318413243746817898e+02
10416,-3.3242676649165093750e+02
10417,8.3676120421943281258e+01
10418,3.3979274865544249451e+02
10419,-3.5115701314514275566e+01
10420,3.8204335433877929518e+01
10421,-6.0619848905593096333e+02
10422,1.9427285338946177262e+02
10423,1.5503155116158245619e+02
10424,-1.1125647787348384554e+02
10425,-6.3339371636516126784e+01
10426,4.0393581872896390905e+02
10427,6.9091943033585971534e+02
10428,7.5781299436449927498e+01
10429,-3.4031540652357597310e+02
10430,-1.9576159542697843108e+02
10431,4.0445138708755692392e+01
10432,-1.3765418796029283044e+02
10433,-9.5674796589544712333e+01
10434,2.9084353787250273626e+02
10435,5.6846468134727854249e+02
10436,3.5121865075407441736e+02
10437,1.9471516658168252434e+02
10438,-3.1215084208719355274e+02
10439,-5.1831078687244769299e+02
10440,-8.0751580480612886959e+01
10441,-1.0991053830578462680e+02
10442,4.9141083647519616306e+02
10443,3.7148514486049373318e+02
10444,3.4385664466843519449e+02
10445,1.1460785397368445615e+02
10446,-3.1520442190988251241e+02
10447,8.3103965093070726766e+01
10448,-8.2599151017740680913e+01
10449,-1.8221902722527565288e+02
10450,-2.9491729245130466097e+02
10451,-2.9421055531486956625e+02
10452,6.1154704173565187375e+02
10453,-3.4756134103592522422e+01
10454,-1.1504157690057779462e+02
10455,2.6327933790237551648e+02
10456,3.4605651209283797698e+02
10457,1.9461161526910993302e+02
10458,2.5735614963849417336e+02
10459,-3.0320809492711504163e+02
10460,-1.7319591085705971523e+02
10461,-8.8539834485784666640e+01
10462,1.3760161200011182814e+02
10463,3.3704864927806499963e+02
10464,1.5572523460362688752e+02
10465,-2.5029079290523804957e+02
10466,1.4806340015143535993e+02
10467,3.3368218860937821546e+02
10468,-2.6033639238342550470e+02
10469,3.4030790922791436515e+02
10470,2.2468535571269529783e+02
10471,-6.0727971706193102364e+02
10472,-5.4859592940918595616e+01
10473,-6.8509108172584296881e+02
10474,2.6825827077859423753e+02
10475,1.0879743563388424832e+02
10476,-2.3316761717272061105e+02
10477,1.1589088157850203231e+02
10478,7.5288754614984739533e+01
10479,3.1258695394034219817e+02
10480,7.8425907046794961275e+01
10481,-5.0963079643958218412e+02
10482,1.4215294578474632203e+02
10483,-5.6760967445988376312e+02
10484,9.9197844110130859008e+01
10485,1.8176569364680969443e+02
10486,-2.7407098394358332172e+01
10487,-6.4682105081597478602e+02
10488,-2.6163281625029924271e+02
10489,-3.9887688919781578534e+02
10490,-2.5941075205618295740e+02
10491,-2.5205740356799083202e+02
10492,-2.5647967227331470497e+01
10493,-4.7935794942314197442e+02
10494,1.0991068619021905306e+02
10495,1.6194257969113979811e+02
10496,-4.3680717423975494285e+02
10497,-6.6012204422567549500e+01
10498,-7.3605382654071860316e+01
10499,5.1002739446193821493e+01
10500,7.6096810321635075525e+00
10501,-3.8390486731082852145e+01
10502,4.9359597060692829018e+02
10503,-3.0344908054448654866e+02
10504,2.8536305876068598764e+02
10505,2.3693082121946207508e+02
10506,-1.1290288738209153507e+02
10507,-1.0491639705404699612e+02
10508,7.0110711720151954296e+01
10509,-3.3440218077461793200e+02
10510,-5.2615206135133178122e+02
10511,2.6695126681540340741e+01
10512,1.6625076878906792643e+01
10513,-2.8262391868623933533e+02
10514,-1.5676438922324823011e+02
10515,-3.6870385240105588309e+02
10516,8.7266983883973878733e+01
10517,9.6219614493942913214e+00
10518,1.5933855433394973034e+02
10519,7.3783543619007218695e+02
10520,-6.3525614896837893752e+01
10521,2.5339234540406815199e+02
10522,-1.9547926226047906084e+02
10523,-2.3360406275700597689e+02
10524,6.7204300276033006867e+02
10525,1.6102647811634014374e+02
10526,-8.6923885883781963457e+01
10527,7.6744993763178649715e+02
10528,3.0014345470154256645e+02
10529,-2.6463326212053044628e+02
10530,5.0680692249836675956e+02
10531,4.1373257578606160223e+02
10532,-2.2795565420458575545e+02
10533,2.7072182191824811071e+02
10534,1.6627214538843199421e+02
10535,4.6783594699529919581e+02
10536,6.9101419274133263571e+02
10537,-2.3519550162577525043e+02
10538,-2.0449475633783691819e+02
10539,2.3556549902566976584e+02
10540,4.8150822898950139006e+02
10541,-4.0428637162617326339e+02
10542,4.9963459887902189394e+02
10543,-2.8042362428355977499e+02
10544,3.4963535701277487533e+02
10545,5.6279218559326942284e+01
10546,3.7778382419955283922e+02
10547,5.8239294125082302855e+01
10548,4.2429981217464830934e+02
10549,8.5800412441547109665e+01
10550,-2.5299288852458957422e+02
10551,1.7286784495502038794e+02
10552,-1.9010660020571424411e+02
10553,3.0696428652366864753e+02
10554,-1.7911766493342256013e+02
10555,-1.5577590494004900279e+02
10556,-2.0875257057910835101e+02
10557,-2.5742597802041774457e+02
10558,-1.8788708045784358092e+02
10559,1.7895968589803069904e+02
10560,7.6929942460676579685e+02
10561,1.3145400495646191530e+02
10562,-8.6336058477255193111e+01
10563,-4.4078969412879780521e+02
10564,5.2220633784169217506e+02
10565,7.4260445370589494019e+01
10566,-2.7334519080824776438e+02
10567,2.3885483202722149088e+01
10568,-1.4088619011673773684e+02
10569,3.3744189332546466176e+02
10570,6.3425120244030949834e+01
10571,-7.8121043605639627572e+01
10572,-2.0941596150610649829e+02
10573,-3.5430221699579016104e+02
10574,2.6154958940727294703e+02
10575,2.5278475303502210636e+02
10576,4.1533279349639815337e+02
10577,-3.4141062177496297636e+02
10578,-1.0154306561728921565e+02
10579,-8.2980037344346754935e+01
10580,-1.4619185945082995204e+02
10581,-4.0095700950885020575e+02
10582,1.1468810161530727498e+02
10583,-3.1840944917284065241e+02
10584,-2.7128651113150318963e+01
10585,2.5339206355032297324e+02
10586,-1.5161597235909942682e+01
10587,4.9027631015669720682e+02
10588,6.7160554155160454570e+01
10589,-5.8365363016066328328e+02
10590,5.6682922278088176427e+02
10591,-6.5978402061134181622e+02
10592,-2.8034458657663151371e+02
10593,-6.1848495760346418137e+02
10594,-4.0308152177208239664e+02
10595,5.2580795867776394914e+01
10596,1.5413724781790554630e+02
10597,-1.8718724588646151119e+02
10598,4.5064322864018606651e+01
10599,3.8986980245897558461e+02
10600,4.9749442770097340372e+02
10601,-1.7260466145696963736e+02
10602,-1.9948804830691159395e+02
10603,1.4633213540458774560e+02
10604,-7.4593142118236505667e+02
10605,-2.3093578234679625893e+02
10606,-1.5773768823510508241e+02
10607,1.7055585672160773925e+02
10608,5.8528195791273923021e+01
10609,2.1778235377083184687e+01
10610,-3.3845432388595519058e+01
10611,5.2701153214501732691e+02
10612,3.7035979324782073263e+02
10613,-8.3708849293366526467e+01
10614,-2.9786678182751791155e+02
10615,3.7963004164090472159e+02
10616,-1.9449981867886452847e+02
10617,-5.9081154239241172377e+01
10618,-5.9050741456086043968e+01
10619,-2.6579533104064165627e+02
10620,-4.8832421484496336461e+02
10621,-2.8133316815096964802e+01
10622,-1.1089724251663889731e+02
10623,6.4251981987431406651e+02
10624,-2.5104958245575069498e+01
10625,3.6827465472014540637e+02
10626,2.7479921352704184301e+02
10627,4.1652612933638494042e+02
10628,1.1057324867984300454e+02
10629,5.6137835205216674694e+02
10630,4.9714376211577666709e+02
10631,-2.0160987734450921494e+02
10632,-3.7005229826158836204e+02
10633,7.3105737242359805350e+02
10634,-3.8013707915516908997e+02
10635,-2.0060251550520879960e+02
10636,2.7208601189375497142e+02
10637,2.6984058991076301481e+02
10638,-2.4356399508534605047e+02
10639,-8.0642094345868699179e+01
10640,-4.6797701289855547202e+02
10641,3.8410330917171256715e+02
10642,-1.5851464076438273310e+02
10643,-3.2114290897908085753e+02
10644,-7.2307098121583337047e+01
10645,2.4489650104863099500e+02
10646,-1.1176687989927594913e+02
10647,-7.1303541616286366889e+01
10648,-9.7149005345139059386e+01
10649,3.8799285294446247008e+02
10650,1.3407976082545442864e+02
10651,-3.7272453971834426056e+02
10652,-1.5389734891410617479e+02
10653,3.7605572467830671712e+02
10654,-4.5066999727281839228e+01
10655,2.9111024201616704232e+01
10656,-1.6438841371392453539e+02
10657,2.9138028755702390526e+02
10658,-3.8964290898924576823e+02
10659,-1.4545381366072814444e+02
10660,2.7650614199272433780e+02
10661,-1.3409381091718924495e+02
10662,8.2948111554811745805e+01
10663,1.4377337061052753597e+02
10664,2.3085377823040852263e+02
10665,6.4989804699134788279e+02
10666,1.8810011410399212650e+02
10667,1.7077221614376168191e+02
10668,-5.3384748447904814839e+02
10669,-5.1613496882537015154e+02
10670,-3.5678697467216545647e+02
10671,4.8090374320564797017e+02
10672,-5.4535992961675241020e+01
10673,-2.7266057204038077089e+02
10674,-8.9163693419767383830e+01
10675,-9.7400040824959816632e+01
10676,-2.6429803775062634941e+02
10677,-5.5885167596104088261e+02
10678,-1.8223173989822452512e+01
10679,2.3868337858797946183e+02
10680,-1.0749682687897643518e+02
10681,-4.3973714969227387428e+02
10682,-3.6608737762044989950e+02
10683,5.4047440229190101491e+02
10684,-3.3591922953998857793e+02
10685,1.2898481364662438864e+02
10686,-3.6046505927788359713e+02
10687,-2.1101458656820008741e+02
10688,1.1570383605399683802e+02
10689,-7.2363335622477211473e+02
10690,3.8089392210560879448e+02
10691,2.4300969805755649134e+01
10692,-1.4538761452740982349e+02
10693,-1.5728295617853882504e+02
10694,1.3410336003672946958e+02
10695,2.1595710077116154935e+02
10696,-3.1020616373438934943e+02
10697,1.8018883693842717264e+01
10698,-2.8716969472965911336e+02
10699,-2.4482888943623873956e+02
10700,-1.2615190632103035284e+02
10701,-2.7685103369720098954e+02
10702,-6.3902823195383895438e+01
10703,-2.6829074198436529741e+02
10704,8.0990606187076565448e+01
10705,1.3549197649147890843e+02
10706,2.6586171737073533450e+02
10707,2.9015338931857439775e+02
10708,7.2857507069875808270e+01
10709,-8.8645018382843701943e+01
10710,-5.6252380170861056286e+02
10711,-2.5796859166459228163e+02
10712,-8.8328187732276589372e+01
10713,-6.0890489135457778502e+02
10714,1.6648129846867153248e+01
10715,-1.1799664144508858499e+02
10716,2.4448813585825109840e+02
10717,6.0961320646526743872e+01
10718,6.4085047261142699426e+02
10719,1.5073592658662409605e+01
10720,1.3500644430477296964e+02
10721,3.9523374533232278338e+01
10722,8.6445605741342362194e+01
10723,2.0337654615455562634e+01
10724,2.1744242023198074776e+02
10725,-8.5748459902475353545e+00
10726,1.7239758731739888731e+02
10727,-3.2600374877328960110e+02
10728,3.4758134072403811388e+02
10729,1.2895803909114522412e+02
10730,-3.7975008861295373208e+02
10731,-1.3470695705662490127e+02
10732,1.5356888514342432472e+02
10733,-7.2122786088970684659e+01
10734,1.8330848830572671204e+02
10735,-4.5653877619137875854e+02
10736,1.5227530162599660457e+02
10737,-2.0658280599070735661e+01
10738,2.4562232835465820813e+02
10739,7.7640097282335568707e+02
10740,-3.2014345296022435150e+02
10741,-4.7931970828477813029e+02
10742,-6.9754348602908436305e+01
10743,-3.7201045319605174200e+02
10744,3.9728224738180858822e+02
10745,9.4972930251540446989e+01
10746,-5.4587009398497673374e+02
10747,9.2717330848033228108e+01
10748,4.5662324679869686861e+02
10749,1.4033519629203959767e+02
10750,-5.4261678450344197699e+02
10751,3.3256178473055435063e+01
10752,2.3754555311936618978e+02
10753,-2.6051478060377371548e+02
10754,-2.2774117804894541450e+02
10755,-1.8374207944644137314e+01
10756,3.5723207935778975752e+02
10757,2.3416866322379510734e+02
10758,3.0904949086471572173e+02
10759,1.0941620907267835605e+02
10760,2.9704627719533829122e+02
10761,4.3128271868977282111e+02
10762,-2.8590275415168366635e+02
10763,-4.6112318506056300293e+02
10764,4.5884116852029262645e+02
10765,-3.5132478657934186117e+01
10766,-1.3896677867277995233e+02
10767,4.3587811135413869579e+02
10768,-3.2755173248124316387e+02
10769,-1.6175842225601105184e+01
10770,3.2687383150971868417e+01
10771,-1.4311036093613364528e+02
10772,-8.2911637968193261372e+01
10773,-2.6395849579088224601e+01
10774,-2.9590654248376898749e+02
10775,-3.0094455130927752862e+02
10776,-1.5703746176056395711e+02
10777,-4.4410542517056745737e+02
10778,5.5542959233744326752e+01
10779,1.3609573343373830312e+02
10780,-5.9934234414138039426e+01
10781,7.7478693935585476993e+02
10782,-2.9182146940254216361e+02
10783,4.4965451335805209965e+02
10784,-2.3120082491305282701e+02
10785,8.8180588404051192697e+01
10786,5.1168238161594427993e+02
10787,2.7698913991853963523e+01
10788,6.9719003430785264186e+01
10789,-6.8403042867481940448e+02
10790,-1.8116575418910775852e+02
10791,-5.9228568353162677340e+02
10792,-3.2637230449136842481e+02
10793,5.2757395543133736737e+02
10794,-1.7598223228892510406e+02
10795,5.5532732432624970897e+02
10796,-4.0062192569476657411e+01
10797,-2.4290961184425660235e+02
10798,4.6647500983220868420e+02
10799,2.0972657821779881715e+02
10800,1.1247399028633769547e+02
10801,6.5595970921127286601e+02
10802,-2.5367288201365440159e+02
10803,-1.4314006436902673158e+02
10804,2.6190903344912555895e+02
10805,-5.1430524620989125140e+01
10806,-6.4653437149312139809e+02
10807,-1.1411730645512901106e+02
10808,1.2614931118008026090e+02
10809,2.0459346285899496820e+02
10810,-3.0039361365831354078e+02
10811,-4.1568674588953973625e+02
10812,6.4491528842809886513e+00
10813,7.2801077774828712563e+01
10814,1.6066087208145231102e+02
10815,2.4931168929181700378e+02
10816,-2.4828534524656296867e+02
10817,7.8306299226126609980e+00
10818,-4.6638382701665841523e+02
10819,2.9015144404460136229e+02
10820,-3.0903320656333983152e+02
10821,5.2869166119562646600e+02
10822,3.7249384793225419799e+02
10823,-3.2808626630968552718e+02
10824,-9.4658734077251523331e+01
10825,5.5569194140457319975e+01
10826,6.7343824190316823319e+01
10827,-5.3366838124913101638e+02
10828,-1.2810863350344840228e+02
10829,-5.4299485844641890253e+02
10830,5.4634639672581009506e+01
10831,1.8266043483267918646e+02
10832,-4.1299485730891078106e+01
10833,6.5281276339173575707e+02
10834,-3.3696578073788850816e+02
10835,9.9962820197737954686e+01
10836,8.1179001633670782212e+02
10837,-3.4625211606530018571e+02
10838,1.0369087960098379142e+02
10839,4.8773608126333249402e+02
10840,1.2089569101399145268e+02
10841,-3.2432967405436960462e+02
10842,-1.3641212971214849858e+02
10843,-4.1924430030976985506e+01
10844,2.8270298658023392591e+02
10845,3.4562032897020492328e+02
10846,1.2469798534752358421e+02
10847,-2.0611335283373395555e+02
10848,1.5593998583214053610e+02
10849,-4.4376722994338553008e+02
10850,-2.7334300340059621703e+02
10851,1.9595033081854583656e+02
10852,-3.0690040851399839283e+01
10853,8.6567786598154512490e+01
10854,-3.1221136188949623147e+02
10855,4.1005246961457807231e+01
10856,3.0767518019994793121e+02
10857,5.3290594942140489820e+02
10858,2.6016168056338045744e+02
10859,3.6200550753373681800e+02
10860,1.0132898120196834668e+02
10861,3.8441296139894099326e+01
10862,2.0267674753903019536e+01
10863,1.1744024988074625071e+02
10864,5.7369118270785588720e+02
10865,-5.0759205851450070668e+02
10866,-2.1176962671045652087e+02
10867,-7.8399897404281560398e+01
10868,-3.1957376765957343423e+02
10869,-2.6744656441833467397e+02
10870,-7.8085703196762369771e+02
10871,5.0229980556443706519e+01
10872,-2.9854901081716724320e+02
10873,2.3392386523116737607e+01
10874,-7.6290597410147242385e+01
10875,-2.5759747046425462713e+02
10876,1.7156436509796540690e+02
10877,-1.2160078316248980457e+02
10878,-4.5137377685543060579e+02
10879,8.1135338842682500626e+01
10880,-2.1255249317142596510e+02
10881,-3.5349272290955582321e+00
10882,-4.0825548100018488640e+02
10883,-1.5865133194465801125e+02
10884,2.3839834201613084019e+02
10885,-1.3303572327369653294e+02
10886,-2.6608408260606410067e+02
10887,2.4774270438194758981e+02
10888,3.4796654428323705588e+02
10889,-5.1131524281086683459e+02
10890,2.1815871215019541296e+01
10891,-1.6384140964229104043e+02
10892,-4.7256083639704758070e+02
10893,-3.6500826715123469057e+02
10894,2.7243713793224009123e+02
10895,9.2373763748916260852e+01
10896,4.9180814568465166303e+02
10897,-2.0003605813580850281e+02
10898,1.4431490824987477595e+02
10899,-5.5435805241999946702e+02
10900,-4.4935755789415753725e+02
10901,5.6501548017995992268e+02
10902,4.4631875807462154171e+02
10903,3.0969738818741262776e+02
10904,2.8292794140775004053e+02
10905,1.7619762818996798615e+02
10906,-3.1514185176038120062e+02
10907,6.1233779311529679035e+02
10908,2.7425223124773111749e+02
10909,-1.9436173058565145766e+01
10910,4.0462544777052460176e+02
10911,4.7266481426985329506e+01
10912,1.0189624080960494723e+02
10913,9.8148095627778886296e+01
10914,-2.3135258244372303693e+02
10915,1.3633612319164240034e+02
10916,-1.5031005926794961169e+02
10917,4.6119954997878795666e+02
10918,1.4569015888427307459e+02
10919,-4.0582374187555802791e+02
10920,-4.0555256587509609290e+02
10921,2.1367394365056142647e+02
10922,-2.0480364027314413988e+02
10923,-1.1857063791050850909e+02
10924,6.7523026482907255286e+02
10925,1.4516198786853459524e+02
10926,4.8968700201996250598e+02
10927,-1.7376557459369354319e+02
10928,8.9691684652836741520e+01
10929,2.3901179154230999302e+02
10930,-6.8180000686600919835e+01
10931,9.3666775615132607413e+01
10932,-1.9655301722008707088e+02
10933,-7.1175344472009294350e+02
10934,-1.0415023991148977700e+02
10935,5.5730039501229420296e+01
10936,7.4240350584786355626e+01
10937,6.2574959087690479009e+02
10938,2.3498688486875462900e+02
10939,2.2159294793875673690e+02
10940,6.1931591756794816206e+01
10941,2.3973644833443637481e+02
10942,-2.1338081818318290317e+01
10943,1.8016473629709213355e+02
10944,1.4918627995497820038e+01
10945,-3.7486568834825163776e+02
10946,-3.9751492885840315239e+02
10947,1.1466690843216137807e+02
10948,-2.6961622879894321159e+02
10949,1.3921221449168114104e-01
10950,-3.4594846760693727106e+01
10951,7.2734021226681463190e+01
10952,-1.8880556313903844057e+02
10953,-3.6553367192345365311e+02
10954,-6.7595522554268058002e+01
10955,1.9501170139178885421e+01
10956,2.1278259013823353030e+02
10957,1.7072284688263192720e+02
10958,4.8756055882018543457e+01
10959,-2.3944652279164648689e+02
10960,4.0973820515518008278e+02
10961,3.9986800565030915777e+02
10962,1.8693100459976424332e+01
10963,1.6576697195984348809e+02
10964,-1.2438945349671050167e+02
10965,5.4994523212786496913e+01
10966,6.4043207456486834417e+02
10967,7.5787927355543276420e+00
10968,-2.6504763041001126567e+02
10969,1.6927330910936178032e+00
10970,1.8517133621267610977e+01
10971,-2.4885163930169306923e+02
10972,1.0686193154650803194e+02
10973,2.5163914312090955150e+02
10974,1.3383773953640681498e+02
10975,-3.5826696137693051014e+02
10976,4.2626144731764031803e+02
10977,7.1978422469740479528e+01
10978,-3.2208755962522053551e+02
10979,4.3884026750159375752e+02
10980,-4.0132114491341823737e+01
10981,2.8380356865292583279e+02
10982,-4.8790619533258450247e+02
10983,-8.6933028252148076831e+01
10984,-4.7085015109169069092e+02
10985,7.3146482773151873857e+01
10986,-6.8839009894079970309e+02
10987,3.9247856756604102202e+02
10988,-3.2863103749553840771e+02
10989,1.4939160063469262241e+02
10990,3.2179311476060559016e+02
10991,5.8439308704506333925e+02
10992,2.0675729570024904547e+02
10993,3.6548225997008046306e+01
10994,-3.7778285211188332937e+01
10995,-5.5105170946513658237e+02
10996,-1.0785120387756997218e+02
10997,-1.7680602795353050283e+02
10998,-3.5688949117318242088e+02
10999,4.1841458411247839422e+02
11000,-2.6133496016981460741e+01
11001,-2.1390951362803099300e+02
11002,2.4657978881987696695e+02
11003,-3.2011024949712201249e+01
11004,-1.2673258849582657604e+02
11005,2.6914491557619271589e+01
11006,1.9892197376295206368e+02
11007,-1.8843554414707295308e+01
11008,-1.1951484607642369440e+02
11009,-3.8990376053107377174e+02
11010,-1.4950928607147875482e+02
11011,-3.0896203021469443684e+02
11012,-4.7877716041375259692e+02
11013,-6.1672914125227964632e+02
11014,-2.5890829611384599929e+01
11015,-1.3317659031686386584e+02
11016,-6.3305872522932099855e+02
11017,-3.2263294745607559832e+01
11018,2.8795819581694615863e+01
11019,-2.9000132364066024593e+02
11020,-1.6802496539200086545e+02
11021,-1.7384102001973968754e+02
11022,1.0727955415166302089e+02
11023,2.7832878520700035097e+02
11024,1.6473665181591317719e+02
11025,5.9678601995061649177e+02
11026,7.3778021771712246846e+02
11027,-5.7044398703887665647e+01
11028,-2.0381913027885342871e+01
11029,1.9311140830024652359e+02
11030,1.5095242220368191965e+02
11031,-3.4087792585586669247e+02
11032,2.0755657024653760345e+02
11033,-2.7674726125892540551e+01
11034,-1.4695165736571203752e+02
11035,-1.2188066829612674269e+02
11036,1.4447950532989011663e+02
11037,3.3320953167889706492e+02
11038,-4.5251312096804531393e+02
11039,-2.0853684674422339640e+02
11040,2.6584494752360944858e+02
11041,-8.6196459500500694162e+01
11042,-4.5601061792236305337e+02
11043,-3.7773004720142756696e+02
11044,2.7755668897045296717e+02
11045,-9.8288165568643506731e+01
11046,-2.5867741823285052760e+02
11047,5.0851302164659080063e+02
11048,-2.7829466767415190986e+01
11049,-3.9783822522418751078e+02
11050,2.7294231548041842927e+01
11051,5.5460906962913171014e+01
11052,8.6524439615026778938e+01
11053,-4.1771826706416749175e+02
11054,2.6507469217437011366e+02
11055,1.2649537980057350239e+02
11056,-7.3123379989334273432e+02
11057,2.6768529070431657857e+01
11058,1.5172424965473993552e+01
11059,6.0314917705396112524e+02
11060,-6.8510369085760970620e+01
11061,-6.3015884973892525522e+02
11062,3.9143989504517031719e+02
11063,1.9126739771271260793e+02
11064,-8.2799158898045533306e+01
11065,8.7427983557168170137e+02
11066,1.3010220965607913968e+02
11067,2.4825257629838937135e+01
11068,1.0015684555530288691e+01
11069,4.0755355195098445620e+02
11070,1.8493372244983663677e+02
11071,6.9940134035508481247e+02
11072,1.2874182171249611173e+01
11073,-5.6979503120547474282e+02
11074,-6.0618267530271353394e+01
11075,-9.6589442925860453215e+01
11076,1.9660708357384464762e+01
11077,3.0225969050066133548e+01
11078,-1.0706858214835676790e+02
11079,-2.3448153023308549336e+01
11080,-1.6563489755112346558e+01
11081,1.8767317998588016081e+01
11082,1.4595038182220656608e+02
11083,-4.2810275660092145245e+02
11084,-1.5817477611037188012e+02
11085,-4.4378080896788219434e+01
11086,-4.1129977054483032362e+02
11087,2.1842101808202488655e+02
11088,1.4124530784475251721e+02
11089,3.1663475597059095890e+02
11090,9.3680239825355130279e+01
11091,1.5416405402565538907e+02
11092,-1.3292025023591048694e+02
11093,-2.9387357139530706718e+02
11094,4.8530634558787517108e+02
11095,-2.7122948150685471091e+02
11096,3.7338314717843343260e+02
11097,-3.5966959875632824151e+02
11098,-4.5999230445069525786e+02
11099,2.0905369852328195179e+02
11100,4.6740083514877312609e+01
11101,-7.6789654359917869897e+02
11102,-1.5396946682570600728e+02
11103,-6.6682892461568073372e+01
11104,-1.5944035080887227096e+01
11105,1.6075984345000097875e+01
11106,1.5703893670157353313e+02
11107,5.8565786355929151341e+02
11108,-2.5963810597939198033e+02
11109,2.6448646669308578794e+02
11110,1.7155865069952730551e+02
11111,1.8206572554508511530e+02
11112,-3.3688337336089222163e+02
11113,-4.0323853870315201675e+02
11114,1.1457772510795477672e+02
11115,1.6183644349638973381e+02
11116,-6.2804470100010541955e+02
11117,2.4201175305538791349e+02
11118,3.6286303611765350752e+02
11119,6.0713706404244476289e+01
11120,-3.5931123121325902048e+02
11121,-3.7908187950572676073e+02
11122,2.3783778494978864160e+02
11123,-2.9341750913992461847e+02
11124,-3.9745137920298145673e+02
11125,1.5958885605132530827e+02
11126,3.6503747521359537132e+02
11127,-7.2061284648973582989e+02
11128,5.0016486577148390325e+02
11129,-1.1265810006162922718e+01
11130,-6.9355015025238131443e+01
11131,2.5086562155967811805e+02
11132,-1.6930678540802441034e+02
11133,1.2043720692692650687e+02
11134,-3.9953157825393219582e+01
11135,-5.2087906599974428445e+02
11136,-6.3110610534537283911e+02
11137,-1.8945128724586732005e+02
11138,7.3570787366443440192e+01
11139,3.9638131936282391621e+01
11140,-4.5983743877510477205e+02
11141,4.0290717234962132309e+00
11142,-1.9744889965681633726e+02
11143,6.2389742569147003337e+01
11144,-1.8644535236927177380e+02
11145,-1.3360822019560180252e+02
11146,3.0502297895286409357e+02
11147,-4.6022467592147918936e+01
11148,-4.2281475985007276108e+01
11149,-1.7461342313978227025e+02
11150,-2.2181742427816578811e+02
11151,-1.7758255371476678874e+02
11152,-1.6457791602113842622e+00
11153,9.2195614728927992587e+01
11154,3.8063664334812420975e+02
11155,5.1762855335077802010e+00
11156,-4.3264137860359618060e+01
11157,1.3856909768313261111e+02
11158,-6.4423733997180545430e+02
11159,-2.6405264854098095384e+02
11160,3.8807711133595319097e+02
11161,-3.1457550396753202904e+02
11162,6.8595778853698590183e+01
11163,3.1390250595867053107e+02
11164,-1.7413638000550028551e+02
11165,7.5245060917167194248e+01
11166,-4.8300496534790298142e+01
11167,3.6632813493054226228e+02
11168,-3.0095317522451955483e+02
11169,5.2295474972806893277e+01
11170,1.9976450852884653386e+02
11171,-2.9145213888117751821e+02
11172,-2.2125525714195154592e+02
11173,-3.4763373665011414460e+02
11174,-2.0316973722566012839e+02
11175,-3.7792297544460461722e+02
11176,-3.9059901238720527772e+01
11177,-2.7657708986923115191e+01
11178,-4.8400690110827779833e+00
11179,3.8769317018166998423e+02
11180,1.7307521100861498553e+02
11181,9.3227040167897212086e+02
11182,-7.9759489349665543045e+01
11183,1.4083197737225049195e+02
11184,3.9684029858127502166e+01
11185,4.4352420804431301349e+02
11186,3.4235994872023889002e+02
11187,-1.3785795258406335506e+02
11188,5.9633053049117256705e+02
11189,2.0764692642350723872e+02
11190,-6.2874446968972688410e+02
11191,4.9851770649884394970e+02
11192,-1.5793924874004861181e+02
11193,3.5110783976574214194e+02
11194,2.1711333535600246591e+01
11195,-1.4785882005549359519e+02
11196,2.0457246274928078833e+02
11197,2.9474618249412685600e+01
11198,1.2143392964124423372e+02
11199,-5.6561993538656656710e+02
11200,-2.2961058695852779010e+02
11201,-4.6804477108740947244e+01
11202,6.8699934135048215467e+02
11203,-4.3937600813835615554e+02
11204,-5.6430678092622804343e+02
11205,-4.4944523872061199654e+02
11206,-1.8701337557795355337e+02
11207,6.3714470752307285295e+01
11208,2.2653217961128947877e+02
11209,-2.3826195886607456487e+02
11210,8.0317526679671580325e+00
11211,-3.6068869418514657355e+02
11212,-1.2399311613868584914e+02
11213,-3.8886461946300386217e+02
11214,2.1025862631446376128e+01
11215,-3.0150187125630378659e+02
11216,2.1587740831289676180e+02
11217,4.0351021004980009366e+02
11218,4.3569760335692700437e+02
11219,-1.0710092088372198305e+02
11220,1.8604692078373670938e+02
11221,3.4756948473980628478e+02
11222,2.5881395911530461262e+02
11223,-4.3137566148179331549e+02
11224,-1.6935938198101987950e+02
11225,1.0638668004303956138e+02
11226,1.1406343347779715813e+01
11227,3.6259620402956443286e+02
11228,-6.0220735409114774939e+02
11229,7.0755591844579453209e+02
11230,2.0217491878205490252e+02
11231,-5.0337119767657064529e+01
11232,-1.7032942345324917710e+02
11233,-3.3311370903949715228e+01
11234,1.9442983492011572366e+02
11235,-3.5858935096740719928e+02
11236,-2.1226535326917746715e+02
11237,-2.9142110382226343290e+02
11238,2.9555761894971158199e+02
11239,-2.7897338727308408579e+02
11240,2.3653653300109795055e+01
11241,-6.4463610906839591053e+01
11242,-5.5051306724134019532e+02
11243,5.4134326975247563496e+02
11244,9.5063330411309607371e+01
11245,1.4598207374632726996e+01
11246,1.0860883519127048658e+02
11247,-3.9097470911424295537e+02
11248,3.5866641966090105598e+02
11249,-6.5673737135463318282e+02
11250,3.9621704040650016054e+01
11251,-1.1210781397641760293e+02
11252,-3.9966181836035277186e+00
11253,-3.9934877852946772236e+02
11254,-1.8994215830266762168e+02
11255,2.5705003254618294051e+01
11256,-5.1434230905089543739e+02
11257,4.2903388996472834549e+01
11258,-1.8932652421566899648e+01
11259,-1.0932309649965732490e+02
11260,-3.2899091713946631899e+01
11261,-5.4381200265385371040e+02
11262,4.0237108703097021589e+02
11263,3.6244315379427575863e+01
11264,2.2830407580009409685e+02
11265,3.4638302227713739967e+02
11266,-4.0122270699068485555e+02
11267,5.4057197731365036475e+01
11268,6.8622333480844188713e+00
11269,-3.8120805658920970949e+00
11270,-4.4545149197388798257e+02
11271,1.6208751874326918596e+02
11272,1.7636752501387104530e+02
11273,-5.1697198192843757170e+02
11274,1.8999316009349021783e+02
11275,-1.6445712796519333665e+02
11276,1.7420994712832793994e+02
11277,-5.1002977631488431598e+02
11278,1.7478488510987125437e+02
11279,-3.5274632432728384401e+02
11280,-1.4546097708961670492e+02
11281,4.5697186117066132738e+02
11282,-4.6351489067262798471e+02
11283,-3.6358427640439333572e+02
11284,-1.5784808228490396687e+02
11285,-1.9536060962026164134e+02
11286,1.5204068775685649939e+02
11287,-1.9709226766881752724e+02
11288,3.6480965368719822095e+01
11289,9.9322487797846929425e+02
11290,-3.8702879318681527820e+02
11291,-6.6165108828031069521e+00
11292,-2.7206886088584059280e+02
11293,-1.3859954551011034596e+02
11294,-1.0503944861259984123e+02
11295,-2.1529524404723453301e+01
11296,9.1057199150229592988e+01
11297,-6.5791197149472310457e+01
11298,1.6447287710093704050e+02
11299,-1.7997827027464996519e+01
11300,7.8388665971391435505e+02
11301,-3.3923112472431290598e+02
11302,-1.9648456361783567559e+02
11303,3.5721849540968219117e+02
11304,1.8631062521156960088e+02
11305,1.3809410368403138136e+02
11306,-1.1632461477738388567e+01
11307,1.7580916373420370746e+02
11308,-2.2461734983236252106e+02
11309,6.8855796411867203233e+01
11310,2.0121113139003935544e+02
11311,2.5787114287716292438e+02
11312,-4.3287055951729860226e+02
11313,-8.9399980081843909829e+02
11314,6.7186507846585823245e+02
11315,-1.4337264919121815865e+02
11316,6.2223865866628227650e+02
11317,1.7938442629047276000e+02
11318,5.5377440889190575035e+02
11319,1.3339922116403818109e+02
11320,-2.7876344183166605717e+02
11321,-3.1662804095298434959e+02
11322,5.0341566288266687934e+02
11323,2.8268713599665721858e+02
11324,-1.9234979075415225225e+02
11325,-2.6650621593517359997e+02
11326,2.8442092691971652130e+01
11327,-5.0281066448893432153e+02
11328,-2.8489716781773984167e+02
11329,3.3432539610270407593e+02
11330,1.3185559421631307941e+02
11331,-1.6306900527506638809e+02
11332,2.0769781044505356249e+02
11333,8.4537755355417374403e+01
11334,2.6259629066102842643e+01
11335,-2.5592213730636711944e+02
11336,5.1282902742482107783e+01
11337,-1.0204962146231130760e+02
11338,1.6043430410628707250e+02
11339,2.8539335595630853959e+02
11340,-5.8840964521681641486e+01
11341,1.0310534910665869290e+02
11342,-2.9431129301873386339e+02
11343,3.7690749077827615565e+02
11344,6.9801866933969165530e+01
11345,8.6600018852261041502e+02
11346,-3.9372896580539510580e+01
11347,6.4614202893318051224e+01
11348,-1.6965603416906685652e+02
11349,-5.4518739763199994286e+02
11350,-6.1769636847537263691e+01
11351,-4.9732028453380746669e+02
11352,4.6229111052928828940e+02
11353,-1.5326914250955553598e+02
11354,-2.0600694145910262023e+02
11355,-1.3967967903899926796e+02
11356,-8.6316035000083644491e+01
11357,5.8944394290656009616e+02
11358,2.1339162365467132076e+02
11359,1.6084269205249762535e+02
11360,1.8914311879095438940e+02
11361,-3.5362333168120346727e+02
11362,-1.9546146888135143627e+02
11363,-1.3097048784757055273e+02
11364,-4.1189784821070861653e+02
11365,3.3953611096103747968e+02
11366,2.7870802857875639802e+02
11367,2.6253933089099791687e+02
11368,-1.8231524737855917806e+02
11369,3.1259253988430651816e+02
11370,2.9250696602849200190e+02
11371,-1.9139812913021461327e+02
11372,9.7198965890428254966e+01
11373,-3.2306245196934878550e+02
11374,-6.4163352368309199392e+02
11375,3.4404317785941415764e+01
11376,3.3261463954493967776e+02
11377,3.7439429080114524595e+02
11378,7.9740574436982427642e+01
11379,-1.7566454148011703751e+02
11380,1.6184977999054538600e+02
11381,2.4770962726908001628e+02
11382,9.0738582192359615419e+01
11383,4.0691954278272658030e+02
11384,-1.2829338404491502956e+02
11385,1.3127330755535487583e+02
11386,7.2930944162762511951e+02
11387,7.2195165077626336370e+02
11388,-1.7794000063372465092e+02
11389,7.0952290201696780514e+02
11390,6.8441827946276404759e+01
11391,-4.8804810671370330510e+02
11392,1.5274593914617679502e+02
11393,-2.3925028478333425141e+02
11394,-1.4728095714479553635e+02
11395,-4.5208318575645598969e+01
11396,-2.2212449344542704921e+02
11397,-3.3261528388191788963e+02
11398,-1.1936737582300409599e+02
11399,4.1159761537416613919e+02
11400,1.6538288375399028496e+02
11401,4.8827546568672022431e+02
11402,2.2414489930098821446e+02
11403,5.7123193278739073264e+01
11404,2.6466502019787310473e+02
11405,-1.2675098294470839733e+02
11406,-3.7620602059400937378e+02
11407,4.8791373917784582659e+01
11408,4.2019806400514181632e+02
11409,-4.1555963971310876559e+02
11410,-4.5072678714989123705e+01
11411,-1.6948557453543222096e+02
11412,7.4496332266138210798e+02
11413,-5.3418457131994841802e+02
11414,-1.5103112809100895220e+02
11415,5.7793586546936694504e+02
11416,4.6726387390608316252e+01
11417,3.1155408180562233156e+02
11418,3.5730637658810508128e+02
11419,2.6541273843984095038e+02
11420,-2.5359736902535115632e+02
11421,-4.7388134405003074789e+02
11422,1.2688444605877453597e+01
11423,-1.3256426690048806449e+02
11424,7.2473819203475912332e+01
11425,2.1743580522922280807e+02
11426,-3.3577852011220761597e+02
11427,-2.6220462447685372354e+02
11428,9.5516983209102093610e+01
11429,-2.0918192024535989049e+02
11430,4.5663567349234290305e+02
11431,3.0843056019746620677e+02
11432,-2.8853731125681541414e+01
11433,-3.5851784715108095725e+02
11434,1.2831172677442634722e+02
11435,1.4562472438146039622e+02
11436,9.5667008034185215593e+01
11437,2.6828354091308159468e+02
11438,-4.6692441624646397713e+02
11439,-3.1432094969127120976e+02
11440,3.4474066488627772742e+02
11441,2.2070755813671135570e+02
11442,-5.7847552390124064914e+02
11443,1.7480907811479431757e+02
11444,3.9994148396073285312e+02
11445,7.3267209663325206748e+02
11446,6.6730273033291621232e+02
11447,-6.3096512982721037588e+01
11448,2.4590652202892229639e+02
11449,2.1730193019488467598e+01
11450,-2.4865264042472662709e+02
11451,-1.9704075505174003524e+02
11452,-2.8204647226508342328e+02
11453,-8.1152389257554347068e+01
11454,5.2365361603786638511e+01
11455,-2.2571267781349662052e+00
11456,-7.5887561160637835656e+02
11457,2.1349145912249042567e+02
11458,-1.6927147826397680319e+02
11459,1.8472028865201247072e+02
11460,2.5656430497475230368e+02
11461,-6.3248897776519541480e+01
11462,-2.7271787183732521953e+02
11463,1.3579446347148936525e+02
11464,4.5578074339530530779e+02
11465,-1.2935637652171908485e+02
11466,6.2873370392219797509e+01
11467,-3.8685293789480448368e+02
11468,2.6722765883611060644e+02
11469,2.8724118692262766217e+02
11470,-5.2099728652584396116e+01
11471,7.6406956648391513909e+01
11472,-1.3816215089738102506e+02
11473,2.0355614864230500416e+02
11474,1.5488711020266094920e+01
11475,-5.9680825169686615439e+00
11476,-3.1644142590968861839e+01
11477,2.2156630230692638861e+02
11478,-6.8700231820631711344e+02
11479,4.8378422314354048694e+02
11480,9.5802237908807308031e+02
11481,1.9159606092931139187e+02
11482,-5.8589705574535152266e+01
11483,2.5946230620404344336e+02
11484,-6.3167575619115892138e+00
11485,-2.7028846900008886678e+02
11486,-7.7246422962511587684e+02
11487,-1.4646331926199852091e+02
11488,-3.7781460993016239058e+01
11489,3.3155195758224976998e+02
11490,5.7047457411178106668e+02
11491,-1.8259989627575154714e+02
11492,-3.5609408660693856064e+02
11493,8.4142951210364230974e+01
11494,-1.1572664179916516503e+02
11495,4.3189838199541020458e+02
11496,-3.9027608360854927128e+01
11497,2.8163383062948469160e+01
11498,-5.4063853433292891282e+01
11499,-2.5996553784016350619e+02
11500,1.5769687820480794471e+02
11501,-4.5157353618095311276e+02
11502,4.8255650486877567573e+02
11503,2.4255694520909992207e+02
11504,-5.8811374380980180376e+02
11505,8.1017096895993716998e+01
11506,3.2540673944403050655e+02
11507,-2.2052235150655825180e+01
11508,-2.9627850419733096032e+02
11509,2.9905191358613927832e+02
11510,4.6826993122394799229e+02
11511,-9.9607469514878374639e+01
11512,5.2780854471666431849e+00
11513,-1.0194715017070855367e+02
11514,1.7281543496339023136e+02
11515,-6.7672075295290619579e+02
11516,-8.5334585198187653532e+01
11517,1.1754369571648189208e+02
11518,-8.3628787388305710238e+01
11519,1.7975562770163423920e+02
11520,-8.3352963474527683729e+01
11521,-2.1419178952216736178e+01
11522,2.9212474624327632000e+02
11523,-1.0016396087765200207e+02
11524,-2.9544507824255617834e+02
11525,-1.9619961546096325833e+02
11526,-9.0403497985660706604e+01
11527,-5.8114124094913940155e+01
11528,-4.0037934469764468304e+02
11529,2.3632717532971454943e+02
11530,-3.1200489053945040041e+02
11531,4.4889904737276464175e+02
11532,2.0273550507695273382e+02
11533,9.4928754562896102698e+01
11534,6.0247307917510624975e+01
11535,-1.4943663249088359635e+02
11536,4.0678338146580239254e+02
11537,6.0081202653643151734e+02
11538,-2.3263559460762387232e+01
11539,-5.6531270690564781489e+02
11540,1.5644069172561162873e+02
11541,6.4862154662395425930e+02
11542,4.0571979646874262926e+02
11543,2.6180583136930027877e+02
11544,2.2356083935015313102e+01
11545,2.3841247473228850140e+02
11546,1.6456802375270154926e+02
11547,-8.3346741148582140113e+01
11548,2.0977491982449441821e+02
11549,-1.9897437741530745825e+02
11550,-7.8734732103374895473e+01
11551,2.7732488101924730017e+01
11552,4.5031679507490963488e+02
11553,-7.8315205580051340917e+01
11554,-2.6763890633380214013e+02
11555,3.4833187445465807741e+02
11556,-4.0445503917406779237e+02
11557,3.3009593949369309485e+02
11558,-5.3297055874359625705e+02
11559,5.3016672283309867453e+02
11560,-7.4105680464105421379e+02
11561,4.7864952344734030021e+02
11562,1.6463187921356080778e+02
11563,-4.4971075314711862347e+02
11564,-4.1211481107833924398e+02
11565,2.1912773907510580784e+02
11566,-3.7868930950300489258e+02
11567,3.6873338805453443001e+02
11568,3.7338426958468673433e+01
11569,3.9649349500405310209e+02
11570,-2.9329794718535669773e+01
11571,3.5475251839090823580e+01
11572,-2.6729107555681395070e+02
11573,-4.1734657979130986405e+02
11574,-2.5030106527663770066e+02
11575,-2.2895720009218717905e+02
11576,6.9225134733750587657e+02
11577,-4.1115737206575278151e+02
11578,4.8232117888249979387e+02
11579,1.0940386922308694295e+02
11580,5.4762058151389931027e+02
11581,1.7988426508469245846e+02
11582,-5.2157931018951217084e+02
11583,-5.3667222020628746471e-01
11584,-1.3108832742802860594e+00
11585,-2.4805083145629609476e+02
11586,-2.4306806182013133366e+02
11587,1.9956730075170227678e+02
11588,3.8132404325693357805e+02
11589,-3.9316880388739718910e+02
11590,1.3823245276134844062e+02
11591,3.4241055697988016959e+01
11592,-4.6291546141179233942e+00
11593,-1.5186193128195810687e+02
11594,3.3554637222708981881e+02
11595,-9.3145298082705494380e+01
11596,5.0775321866389515435e+02
11597,-3.5546562053382240265e+02
11598,1.4308978438160880842e+02
11599,1.3794688403626946638e+02
11600,-1.5104600604389716523e+02
11601,-1.9601773692468647425e+01
11602,1.0584882713406175014e+02
11603,-1.7278518998126600081e+02
11604,4.8212726370999808978e+02
11605,-2.6753917413325507368e+02
11606,3.9905555786130015861e+01
11607,-5.2855796531074453526e+01
11608,-2.1222446731209991810e+01
11609,1.5537989346108435029e+02
11610,-9.6069277835016322342e+01
11611,-1.6317530409699710958e+02
11612,-1.8036573977355109832e+02
11613,-2.6467843452360017409e+02
11614,1.7142795164643717953e+02
11615,-1.1457713362941980506e+01
11616,2.3999734190689665070e+02
11617,-3.9849953838416247720e+01
11618,-2.1174160655795691355e+02
11619,-3.5416935617356523380e+02
11620,7.2479462952089377836e+01
11621,3.0682020444019366323e+02
11622,1.0710238479162615732e+01
11623,-3.6795164299727304069e+02
11624,2.8099867828489925614e+02
11625,6.0713427899520172559e+02
11626,2.2607866695707025428e+02
11627,5.6592963801468431484e+02
11628,-1.4776747216989875255e+02
11629,-3.1403756027490464930e+02
11630,-1.8004553525208862652e+02
11631,5.1270977379871986557e+01
11632,-1.1881984221413412683e+02
11633,-2.5826062194274743433e+02
11634,-2.2983713020204353938e+02
11635,2.0036475862315211316e+02
11636,-3.4807141756401017574e+02
11637,-5.8486086597254484332e+02
11638,-4.9298768310260925318e+00
11639,-1.6344221481669870855e+02
11640,8.7027519298569515627e+01
11641,4.1566635043453466380e+01
11642,-4.9489046377701504298e+02
11643,-6.0887711202974799107e+01
11644,-1.7355136971975082361e+02
11645,1.8126452118021194337e+02
11646,-5.1325709086770437750e+01
11647,4.3950997305181843444e+01
11648,-5.1798181348587900175e+02
11649,-3.5555266690328539880e+02
11650,2.7240216687734135803e+02
11651,4.9063038344697253024e+02
11652,-3.7234706867821707021e+01
11653,1.0019178117715952681e+02
11654,3.2264743116669819756e+01
11655,3.4238399589459646677e+02
11656,-2.7438399640566882454e+02
11657,-4.6159948018183683871e+02
11658,3.9911781881563160823e+02
11659,5.9941662419266279471e+01
11660,-1.1902693796298133577e+02
11661,-2.8170905159749088398e+02
11662,-1.2762868444831856607e+02
11663,-5.5658191017782507970e+02
11664,-7.9379234412220029071e+01
11665,-8.4283987551750016110e+01
11666,-2.1285815433361955229e+02
11667,7.2298584679813416187e+01
11668,-4.1645899892038141843e+02
11669,-1.5139277066781818348e+02
11670,-1.1294325746656848253e+02
11671,-3.8699760536798282828e+02
11672,5.5334971336541661913e+02
11673,-8.0937834580871339085e+01
11674,2.6560516451201613108e+02
11675,4.9806450504154599912e+02
11676,4.4788340767692517375e+02
11677,-1.6295338863409008923e+02
11678,1.2120351520652040733e+02
11679,1.0602342845843145369e+02
11680,3.4050635541497285885e+02
11681,4.3144167627814802302e+00
11682,-9.2647836691654006813e+01
11683,-3.5412957712883445538e+02
11684,2.1400747653242524393e+02
11685,-3.4569142874226071172e+02
11686,-2.7180220862911608037e+02
11687,4.2630907737815351766e+02
11688,-3.7757507170520703710e+01
11689,-1.8046345723783440462e+02
11690,-9.7582310788071978891e+01
11691,3.4782231323352624486e+02
11692,-2.3701309080397740559e+02
11693,1.1812311870118716683e+02
11694,6.8147666793850112299e+02
11695,2.7566334489092821514e+02
11696,1.8516481639957322614e+02
11697,-1.3159363367316041504e+01
11698,2.7407224748719005447e+02
11699,1.7876102965588350457e+02
11700,-1.7898039516140627825e+02
11701,3.9184251758648377972e+02
11702,-3.0894994109698023976e+02
11703,-3.2483621594838962210e+02
11704,2.6208713574306841565e+02
11705,3.9852106409403995713e+02
11706,-3.6825488043296087426e+02
11707,-1.8118251143785042245e+02
11708,-1.6641347208747475861e+02
11709,6.8987552587253489378e+01
11710,-2.4949012878431449280e+02
11711,4.4360337484328999835e+02
11712,1.3650459883850370346e+01
11713,-2.1253037852371772942e+02
11714,-2.7915418712236135690e+01
11715,-2.4079982184571039738e+02
11716,-1.4288309144793674932e+02
11717,-2.8583430439090506070e+02
11718,4.6063166868009358268e+02
11719,-2.2510788029950617783e+02
11720,9.7826519328620022975e+01
11721,3.5058725687428386664e+02
11722,3.7882385166848763447e+02
11723,-3.8848455252726807885e+00
11724,-2.6094828856683818685e+02
11725,-6.4561586173818128032e+01
11726,-2.7060328416669204898e+02
11727,-5.6942074769437112991e+02
11728,1.4246838399487984361e+02
11729,2.2815231792746689621e+02
11730,1.7090589405270776524e+02
11731,-8.8733005981168275866e+01
11732,1.7958514596852938894e+02
11733,1.7678682556049352570e+02
11734,-5.6270574348238369566e+01
11735,-1.8587258729682582725e+02
11736,1.0044658731097055693e+02
11737,-6.3662179545584898221e+01
11738,6.2320611399712242928e+02
11739,-1.2216898105378052719e+02
11740,-2.1657264126812509630e+02
11741,-1.3098097450073672121e+02
11742,-2.9382665858937616576e+02
11743,1.6792384362729936242e+02
11744,9.2595075934132644591e+00
11745,-5.8749569626032939595e+02
11746,3.0472480941847652502e+02
11747,2.5146359511685250254e+02
11748,-3.0406096774524229431e+02
11749,1.0804336957546036047e+02
11750,-2.1867189979790214238e+02
11751,-1.0513018388543623871e+02
11752,1.2135633108715720141e+02
11753,-3.0296404134850070022e+02
11754,5.2966163992858787424e+02
11755,-2.2455011115095356899e+02
11756,6.8885980209957790521e+02
11757,1.2162140840748239157e+02
11758,4.9586330963739931121e+02
11759,-1.0489700800321320173e+02
11760,-3.9403692827711680025e+01
11761,-2.1843393840893409674e+02
11762,-2.4207542923760334475e+02
11763,3.2846917366165109797e+02
11764,-1.2157062322437414537e+02
11765,-3.5196132723645644091e+02
11766,2.3589654336008953806e+02
11767,2.1184331613383619697e+02
11768,5.8198590838312463802e+02
11769,-1.8781685176717670060e+02
11770,-8.8203530562813099891e+01
11771,-1.2126318282161423667e+02
11772,-6.8234493153568359958e+02
11773,-6.1455993571581856827e+01
11774,6.9009041338983223568e+01
11775,1.3289487284698955705e+02
11776,4.1646820743463173642e+01
11777,-5.1316982488346752689e+02
11778,2.1674344092334686707e+02
11779,-5.3380878788729683038e+02
11780,-4.6710306503157227098e+02
11781,3.9693989655146097562e+01
11782,1.7884483759017876991e+02
11783,-2.5591268436083163351e+02
11784,4.6869097201293669741e+02
11785,-9.5914586751744502635e+02
11786,2.0186251191588630149e+02
11787,-2.8256870707573818891e+02
11788,-3.9243495156660424072e+02
11789,-2.1968775779803564774e+02
11790,1.6959302266781253365e+02
11791,-2.1895665769337245621e+01
11792,-2.4227992228725670998e+02
11793,3.5588860751346999223e+01
11794,3.3644033353004340370e+02
11795,-6.3331520330006370045e+01
11796,-4.4460482737867321745e+00
11797,-3.1231536571456024376e+02
11798,1.4581415571942546450e+01
11799,-2.5822351273455080900e+02
11800,7.2583879133028381148e+02
11801,-3.0382806462040150564e+02
11802,-7.2618452206403082982e+02
11803,9.3422683694413052535e+01
11804,9.2797982583721179140e+01
11805,3.4241232925067282622e+02
11806,8.5618253943441573028e+02
11807,-5.4883147062181841136e+01
11808,-2.1313720641425524605e+02
11809,-3.6508354888494739043e+02
11810,-7.3348196200349434548e+02
11811,-2.0605838193577966422e+02
11812,-4.1827223526007782084e+02
11813,3.5880446947095305177e+02
11814,-2.6062234532466948167e+02
11815,5.4623457225878405552e+02
11816,1.8744948665602959181e+02
11817,-2.2033982900795582083e+01
11818,8.8730517023414307687e+01
11819,-2.4313847978487768842e+02
11820,-4.1379666278956037218e+01
11821,-5.4362402412009032560e+02
11822,8.4080603546696875128e+02
11823,4.0282422181866434130e+02
11824,7.9420705595500521667e+01
11825,4.7338979426396463168e+02
11826,-5.7645490046816391327e+01
11827,2.1011286727244186068e+02
11828,-1.8575745290109995267e+02
11829,2.2769138003585929653e+01
11830,9.4074683407735153651e+02
11831,-4.4270666780215560721e+02
11832,-4.7524478225219246497e+02
11833,-3.3999428398162081066e+02
11834,5.4164636473019072582e+02
11835,3.3349907956467399117e+02
11836,-7.6549625337927568580e+02
11837,9.1193189180872678890e+01
11838,1.6445073228966276702e+02
11839,2.7461283312273843649e+02
11840,2.6318825389803805592e+02
11841,3.0362233467676480814e+02
11842,-9.2189525537956086509e+01
11843,2.0897371337568301897e+02
11844,-1.7003419050961460357e+02
11845,4.1558196358047283070e+01
11846,-6.7083136510992756030e+02
11847,4.5265937770406861773e+02
11848,7.4181026125444554964e+02
11849,4.2055241150407437090e+02
11850,4.0035300244817813109e+02
11851,-1.8164239575564192819e+02
11852,1.6204635840200518260e+02
11853,2.7480936093335230908e+00
11854,5.3469064463343033822e+02
11855,1.4505936874351252186e+02
11856,2.4563977352375164287e+02
11857,1.9270633663604957064e+02
11858,4.8657398637164698130e+02
11859,5.2526999998527094249e+02
11860,1.7200159142779145327e+02
11861,3.4256191471401785975e+02
11862,-3.3844880989512228098e+02
11863,9.9971335043803321696e+01
11864,-1.7690171781690293074e+02
11865,3.1642601020393283306e+02
11866,-6.3746324112062859513e+02
11867,7.4533357363901700410e+01
11868,-3.1960935418345059134e+02
11869,-2.3407357196963403112e+02
11870,2.3883176324556234249e+02
11871,6.8429951585438016082e+02
11872,-2.7339394690634401286e+02
11873,2.2949387382849573669e+02
11874,-1.9142805181835211670e+02
11875,5.9173655090123838818e+02
11876,-3.5771707695786670911e+02
11877,2.7934920279935352028e+02
11878,1.6385346982374482394e+01
11879,1.0152321071191620376e+03
11880,-4.4247648670116731751e+01
11881,-2.5912038484959919060e+02
11882,6.6863125711799682449e+00
11883,1.1341765950025390453e+02
11884,1.6436906042910604242e+02
11885,-2.1979091064314610549e+02
11886,-5.0912150165225988019e+01
11887,2.3469378482921334239e+02
11888,-2.2574604715601239491e+02
11889,-1.2456806112022931643e+02
11890,8.9330806345862399098e+01
11891,-2.4039822321153518914e+01
11892,9.4981385091714730606e+02
11893,2.1685293242947505377e+01
11894,-3.3306691562171073429e+02
11895,5.1635266771127376728e+01
11896,-3.2874705891806928548e+02
11897,-6.2223356182376971901e+02
11898,-4.0682572326736732293e+02
11899,-1.2638083816157006822e+02
11900,-2.9835683404440879940e+02
11901,-4.9463240273284992554e+02
11902,5.7902234075839839988e+02
11903,1.7042489512238279303e+02
11904,1.6045127278901404111e+02
11905,-1.2753245750920855528e+02
11906,1.1651260749164143249e+02
11907,1.3724483689523222552e+02
11908,-1.2351263056273069640e+00
11909,6.1325081839662675520e+02
11910,4.3523448086059414663e+02
11911,1.6038696710023333480e+02
11912,-1.8547388977035024027e+02
11913,1.8864065599401132545e+02
11914,-6.1056035131736086896e+02
11915,2.3714657186399723088e+01
11916,-9.7904691404595610038e+01
11917,-1.2061345408597189532e+02
11918,3.5307871733578735984e+02
11919,-1.8442887505295551875e+01
11920,-1.2028546893417436081e+02
11921,1.5392910103857904147e+01
11922,1.8580696804774450470e+02
11923,8.4565276300558014100e+02
11924,3.4945932877055849985e+02
11925,4.5892637236966436376e+01
11926,-7.2379287510021068641e+00
11927,-1.6471617083396023418e+02
11928,1.0729963692985879220e+02
11929,-9.9600099781148770717e+01
11930,4.8616369269303334022e+01
11931,4.1199706043706520120e+01
11932,6.6167321709586644829e+02
11933,3.0595898794977745183e+02
11934,5.0041107558683177103e+02
11935,-2.3116099217574432600e+02
11936,3.3417773249931843793e+02
11937,-3.2640234266325649060e+02
11938,-5.7418061958380371834e+02
11939,1.4854087270945146315e+02
11940,6.1398788259128775735e+02
11941,1.8452036741988371205e+02
11942,-2.1610046725875514539e+02
11943,-6.1607352832298715839e+02
11944,1.2746984067427078458e+02
11945,-9.6881554392750174998e+01
11946,-1.6771203784394410263e+02
11947,-3.4994699488619301064e+02
11948,6.6148671269270380435e+00
11949,5.4327970640688602089e+02
11950,-3.6278103146833774417e+02
11951,-3.3005741949466494134e+02
11952,3.4701454873631729470e+02
11953,5.2643077329344703230e+02
11954,-6.9342520304570030021e+01
11955,3.6808942932477555132e+02
11956,3.8172371964173851211e+02
11957,3.4585284032808328902e+02
11958,-2.0468981318862043395e+02
11959,1.5789721831896409299e+02
11960,-9.6738336421791086650e+02
11961,5.2795481975799168595e+02
11962,-3.3884960578595456582e+02
11963,6.0918113860175515129e+02
11964,3.8111662058979817402e+02
11965,-1.8351583240230411320e+01
11966,-9.2242918307830763069e+01
11967,-1.6608686551614533755e+02
11968,-1.7393959945806236078e+02
11969,-2.2113734204317626109e+02
11970,-2.2837612245128593713e+02
11971,1.9806160680945976083e+02
11972,-7.1300647693430323670e+02
11973,-8.9681864741833663857e+01
11974,-4.8000457016778017305e+02
11975,-2.7173339592270048115e+02
11976,5.6532363993667149771e+02
11977,9.6111482632329199305e+01
11978,1.7861335856961335367e+02
11979,-6.1174332454705471207e+01
11980,-3.6869168724005862714e+02
11981,4.8477465781779134346e+00
11982,4.1441382134440146956e+02
11983,-7.6031831679305173566e+02
11984,8.4912715326860777054e+01
11985,-2.5184732552029063868e+02
11986,2.8070758458952002456e+02
11987,-3.9125027825107673607e+02
11988,6.0849911717037457493e+02
11989,-2.7808460607212271753e+01
11990,-1.2341411926925589171e+02
11991,-1.3082924419408328731e+02
11992,1.8553068892602652795e+01
11993,-4.3316537587721370528e+02
11994,-3.0370912611646519963e+02
11995,4.6471525498507907059e+02
11996,4.9648533446727844876e+02
11997,-3.5135409415795606947e+01
11998,-1.3167918453438750248e+02
11999,4.1726915462133422352e+02
